CREATE TABLE ADDITIONAL (
    `ID` VARCHAR(4) CHARACTER SET utf8,
    `DATE` VARCHAR(4) CHARACTER SET utf8,
    `ARMORED_ID` VARCHAR(4) CHARACTER SET utf8,
    `AMOUNT` VARCHAR(4) CHARACTER SET utf8,
    `CONVERSION` VARCHAR(4) CHARACTER SET utf8,
    `CURRENCY_ID` VARCHAR(4) CHARACTER SET utf8,
    `DESCRIPTION` VARCHAR(4) CHARACTER SET utf8
);

CREATE TABLE ADDITIONAL_COLLECTION (
    `ID` VARCHAR(4) CHARACTER SET utf8,
    `AMOUNT` VARCHAR(4) CHARACTER SET utf8,
    `DATE` VARCHAR(4) CHARACTER SET utf8,
    `ADDITIONAL_ID` VARCHAR(4) CHARACTER SET utf8,
    `DESCRIPTION` VARCHAR(4) CHARACTER SET utf8
);

CREATE TABLE ALIQUOT (
    `ID` NUMERIC(2, 1),
    `PERCENTAGE` NUMERIC(3, 1)
);
INSERT INTO ALIQUOT VALUES (1.0,5.0);
INSERT INTO ALIQUOT VALUES (2.0,10.5);
INSERT INTO ALIQUOT VALUES (3.0,21.0);
INSERT INTO ALIQUOT VALUES (4.0,27.0);

CREATE TABLE ARMORED (
    `ENTRY_DATE` VARCHAR(4) CHARACTER SET utf8,
    `DEPARTURE_DATE` VARCHAR(4) CHARACTER SET utf8,
    `DELIVERY_DATE` VARCHAR(4) CHARACTER SET utf8,
    `CAR_ID` VARCHAR(4) CHARACTER SET utf8,
    `BILLING_AND_REFERENCE_ID` VARCHAR(4) CHARACTER SET utf8,
    `STOCK_STATUS_ID` VARCHAR(4) CHARACTER SET utf8,
    `CODE` VARCHAR(4) CHARACTER SET utf8,
    `ID` VARCHAR(4) CHARACTER SET utf8,
    `PRICE` VARCHAR(4) CHARACTER SET utf8
);

CREATE TABLE ARMORED_EXCEL (
    `ID` NUMERIC(2, 1),
    `LAST_UPDATE` DATETIME
);
INSERT INTO ARMORED_EXCEL VALUES (1.0,'2016-07-17 15:27:45');

CREATE TABLE BILL (
    `ID` VARCHAR(4) CHARACTER SET utf8,
    `DATE` VARCHAR(4) CHARACTER SET utf8,
    `ARMORED_ID` VARCHAR(4) CHARACTER SET utf8,
    `CONVERSION` VARCHAR(4) CHARACTER SET utf8,
    `NUMBER` VARCHAR(4) CHARACTER SET utf8,
    `CURRENCY_ID` VARCHAR(4) CHARACTER SET utf8,
    `BILL_TO_NAME` VARCHAR(4) CHARACTER SET utf8,
    `BILL_TO_DOCUMENT` VARCHAR(4) CHARACTER SET utf8,
    `BILL_TO_DOCUMENT_TYPE_ID` VARCHAR(4) CHARACTER SET utf8,
    `DELETED` VARCHAR(4) CHARACTER SET utf8,
    `ALIQUOT` VARCHAR(4) CHARACTER SET utf8,
    `TAXED_AMOUNT` VARCHAR(4) CHARACTER SET utf8,
    `UNTAXED_AMOUNT` VARCHAR(4) CHARACTER SET utf8,
    `BILL_TYPE_CODE_ID` VARCHAR(4) CHARACTER SET utf8,
    `VAT_AMOUNT` VARCHAR(4) CHARACTER SET utf8,
    `TOTAL_AMOUNT` VARCHAR(4) CHARACTER SET utf8,
    `APPLY_BILL_ID` VARCHAR(4) CHARACTER SET utf8,
    `DESCRIPTION` VARCHAR(4) CHARACTER SET utf8,
    `BILL_TO_ID` VARCHAR(4) CHARACTER SET utf8,
    `FINANCIAL_ADVANCE` VARCHAR(4) CHARACTER SET utf8
);

CREATE TABLE BILL_TYPE (
    `ID` NUMERIC(2, 1),
    `TYPE` VARCHAR(11) CHARACTER SET utf8
);
INSERT INTO BILL_TYPE VALUES (1.0,'BILL');
INSERT INTO BILL_TYPE VALUES (2.0,'CREDIT_NOTE');
INSERT INTO BILL_TYPE VALUES (3.0,'DEBIT_NOTE');

CREATE TABLE BILL_TYPE_CODE (
    `ID` NUMERIC(3, 1),
    `BILL_TYPE_ID` NUMERIC(2, 1),
    `CODE` VARCHAR(1) CHARACTER SET utf8,
    `ENABLED` NUMERIC(2, 1)
);
INSERT INTO BILL_TYPE_CODE VALUES (1.0,1.0,'A',-1.0);
INSERT INTO BILL_TYPE_CODE VALUES (2.0,1.0,'B',-1.0);
INSERT INTO BILL_TYPE_CODE VALUES (3.0,1.0,'C',0.0);
INSERT INTO BILL_TYPE_CODE VALUES (4.0,1.0,'E',0.0);
INSERT INTO BILL_TYPE_CODE VALUES (5.0,1.0,'M',0.0);
INSERT INTO BILL_TYPE_CODE VALUES (6.0,2.0,'A',-1.0);
INSERT INTO BILL_TYPE_CODE VALUES (7.0,2.0,'B',-1.0);
INSERT INTO BILL_TYPE_CODE VALUES (8.0,2.0,'C',0.0);
INSERT INTO BILL_TYPE_CODE VALUES (9.0,2.0,'E',0.0);
INSERT INTO BILL_TYPE_CODE VALUES (10.0,2.0,'M',0.0);
INSERT INTO BILL_TYPE_CODE VALUES (11.0,3.0,'A',-1.0);
INSERT INTO BILL_TYPE_CODE VALUES (12.0,3.0,'B',-1.0);
INSERT INTO BILL_TYPE_CODE VALUES (13.0,3.0,'C',0.0);
INSERT INTO BILL_TYPE_CODE VALUES (14.0,3.0,'E',0.0);
INSERT INTO BILL_TYPE_CODE VALUES (15.0,3.0,'M',0.0);

CREATE TABLE BILLING_AND_REFERENCE (
    `OWNER` VARCHAR(4) CHARACTER SET utf8,
    `CONTACT_PERSON` VARCHAR(4) CHARACTER SET utf8,
    `ID` VARCHAR(4) CHARACTER SET utf8,
    `BILL_TO_CLIENT_ID` VARCHAR(4) CHARACTER SET utf8
);

CREATE TABLE CAR (
    `ID` VARCHAR(4) CHARACTER SET utf8,
    `BRAND` VARCHAR(4) CHARACTER SET utf8,
    `MODEL` VARCHAR(4) CHARACTER SET utf8,
    `CHASSIS_NUMBER` VARCHAR(4) CHARACTER SET utf8,
    `MOTOR_NUMBER` VARCHAR(4) CHARACTER SET utf8,
    `DOMAIN` VARCHAR(4) CHARACTER SET utf8
);